age,income,employment_type,credit_score,loan_amount,existing_loans,city,tenure_months,target
47,55672.0,self-employed,585.0,17202.0,2,Bengaluru,22,0
34,92336.0,salaried,580.0,14126.0,3,Delhi,57,0
32,72761.0,self-employed,556.0,25169.0,4,Delhi,16,0
37,65778.0,self-employed,688.0,15877.0,2,Bengaluru,64,0
50,69664.0,salaried,759.0,15240.0,4,Mumbai,11,0
33,76909.0,unemployed,679.0,18942.0,3,Bengaluru,4,0
65,85570.0,self-employed,522.0,33269.0,1,Bengaluru,16,0
45,50006.0,self-employed,667.0,5937.0,5,Delhi,54,0
63,49085.0,salaried,669.0,24929.0,2,Delhi,43,0
54,96303.0,salaried,827.0,1000.0,0,Delhi,26,0
38,62929.0,salaried,578.0,19955.0,5,Pune,47,1
32,40829.0,unemployed,653.0,32176.0,5,Bengaluru,47,1
57,81764.0,self-employed,799.0,22398.0,0,Mumbai,40,0
37,82194.0,self-employed,711.0,19536.0,5,Pune,37,0
33,38324.0,salaried,719.0,12956.0,5,Delhi,8,0
66,77049.0,salaried,688.0,18279.0,4,Bengaluru,19,0
45,88183.0,salaried,703.0,15731.0,1,Pune,38,1
24,80237.0,salaried,734.0,10926.0,3,Pune,10,0
45,85904.0,self-employed,623.0,15391.0,3,Mumbai,34,0
44,41106.0,self-employed,741.0,19785.0,3,Mumbai,9,0
63,79283.0,self-employed,584.0,11095.0,3,Mumbai,56,0
56,65342.0,salaried,703.0,10743.0,3,Mumbai,8,0
31,61379.0,unemployed,693.0,5758.0,3,Bengaluru,7,0
29,91152.0,self-employed,637.0,21517.0,4,Bengaluru,46,0
50,104544.0,self-employed,678.0,22908.0,3,Bengaluru,16,0
24,111476.0,salaried,636.0,20085.0,0,Mumbai,25,0
37,100926.0,salaried,605.0,26687.0,0,Mumbai,23,0
28,69586.0,salaried,655.0,18791.0,5,Pune,16,0
22,79760.0,salaried,603.0,21528.0,5,Delhi,55,0
66,88870.0,self-employed,703.0,20735.0,3,Pune,50,0
26,74666.0,self-employed,599.0,17176.0,1,Pune,17,0
22,74877.0,unemployed,730.0,13223.0,4,Mumbai,49,0
66,90123.0,salaried,597.0,37927.0,0,Delhi,51,0
31,70696.0,salaried,640.0,13932.0,2,Pune,39,0
61,55956.0,salaried,636.0,12007.0,1,Mumbai,42,0
23,62882.0,salaried,773.0,21906.0,0,Delhi,67,0
29,85946.0,salaried,703.0,20267.0,4,Bengaluru,33,0
27,72066.0,salaried,665.0,5357.0,3,Mumbai,28,0
55,79485.0,salaried,715.0,28104.0,1,Pune,39,0
51,86742.0,self-employed,532.0,17152.0,3,Bengaluru,60,0
44,63753.0,salaried,677.0,8002.0,0,Delhi,51,0
33,88637.0,self-employed,820.0,28699.0,2,Bengaluru,6,0
26,80335.0,self-employed,689.0,23631.0,3,Pune,33,0
49,44834.0,salaried,685.0,6619.0,2,Pune,53,0
33,103731.0,self-employed,718.0,33995.0,4,Delhi,16,0
50,60984.0,self-employed,743.0,23929.0,1,Mumbai,71,0
54,35588.0,salaried,540.0,17908.0,0,Mumbai,58,0
62,49009.0,salaried,562.0,32312.0,3,Delhi,61,0
45,49537.0,self-employed,695.0,19434.0,5,Delhi,6,0
22,73148.0,salaried,630.0,17747.0,2,Mumbai,42,1
35,65975.0,salaried,772.0,12057.0,0,Delhi,38,0
62,64590.0,salaried,658.0,23237.0,5,Pune,45,0
47,85633.0,self-employed,545.0,22289.0,2,Delhi,61,0
51,79477.0,self-employed,591.0,18132.0,1,Bengaluru,26,1
43,78953.0,self-employed,488.0,10890.0,3,Mumbai,38,0
29,81016.0,self-employed,664.0,19169.0,1,Bengaluru,49,0
65,85555.0,salaried,667.0,17372.0,5,Pune,54,0
59,25625.0,salaried,650.0,5999.0,1,Bengaluru,55,0
69,63982.0,salaried,756.0,4754.0,3,Pune,24,0
63,24035.0,salaried,764.0,23086.0,3,Pune,71,0
35,72793.0,self-employed,668.0,1000.0,1,Bengaluru,1,0
34,71898.0,salaried,531.0,19849.0,2,Delhi,35,0
33,95002.0,salaried,723.0,13697.0,0,Mumbai,44,0
66,98128.0,self-employed,719.0,29774.0,3,Delhi,5,0
48,76461.0,self-employed,702.0,13559.0,4,Bengaluru,33,0
43,60992.0,salaried,749.0,23935.0,5,Pune,43,0
68,82674.0,salaried,598.0,14428.0,1,Bengaluru,44,0
50,60386.0,salaried,821.0,19024.0,1,Delhi,9,0
65,71969.0,salaried,613.0,24632.0,3,Pune,20,0
69,93695.0,salaried,732.0,13837.0,4,Mumbai,18,0
25,59729.0,salaried,562.0,26969.0,5,Delhi,46,0
39,89725.0,salaried,615.0,9057.0,0,Mumbai,24,0
57,86903.0,self-employed,786.0,20651.0,1,Bengaluru,41,0
61,50995.0,salaried,662.0,26304.0,1,Delhi,52,0
29,93426.0,salaried,739.0,23940.0,1,Pune,57,0
37,87368.0,salaried,697.0,35248.0,2,Mumbai,14,0
48,74242.0,salaried,673.0,11129.0,5,Delhi,65,0
60,55229.0,self-employed,775.0,5588.0,0,Mumbai,12,0
27,53097.0,salaried,663.0,9051.0,4,Pune,2,0
50,60171.0,self-employed,555.0,23944.0,3,Bengaluru,4,0
36,83937.0,self-employed,624.0,22481.0,3,Bengaluru,15,0
32,50976.0,salaried,719.0,18920.0,4,Bengaluru,63,0
46,81625.0,self-employed,708.0,7893.0,0,Bengaluru,15,0
41,44681.0,salaried,570.0,24902.0,4,Delhi,50,0
52,67510.0,salaried,629.0,6978.0,1,Mumbai,30,0
37,74412.0,salaried,639.0,28431.0,3,Bengaluru,3,0
61,125793.0,self-employed,654.0,43717.0,4,Bengaluru,32,0
25,41699.0,salaried,584.0,21298.0,3,Bengaluru,3,0
63,104384.0,salaried,636.0,23248.0,1,Delhi,34,0
23,75297.0,salaried,629.0,13564.0,2,Mumbai,40,0
57,81046.0,salaried,734.0,1708.0,2,Delhi,38,0
38,74604.0,self-employed,737.0,12576.0,0,Pune,21,0
40,81784.0,salaried,670.0,8164.0,4,Bengaluru,55,0
22,68619.0,salaried,653.0,4977.0,0,Pune,43,0
55,103989.0,salaried,690.0,33501.0,2,Pune,19,0
29,61958.0,self-employed,623.0,20456.0,3,Mumbai,31,0
53,96909.0,salaried,600.0,21417.0,0,Bengaluru,8,0
56,57824.0,salaried,614.0,15219.0,5,Bengaluru,66,0
62,70674.0,salaried,636.0,16444.0,2,Mumbai,54,0
55,48417.0,unemployed,599.0,26681.0,0,Pune,21,1
36,82011.0,unemployed,691.0,17709.0,3,Pune,48,0
57,103793.0,self-employed,731.0,22776.0,3,Pune,49,0
61,70298.0,salaried,569.0,16236.0,3,Bengaluru,44,0
37,67669.0,unemployed,682.0,14921.0,4,Mumbai,4,0
27,47478.0,self-employed,665.0,5338.0,2,Pune,63,0
64,66956.0,self-employed,704.0,1000.0,4,Mumbai,68,0
29,36959.0,salaried,679.0,15646.0,2,Mumbai,70,0
50,51917.0,salaried,578.0,18508.0,3,Bengaluru,70,0
33,76989.0,salaried,592.0,6425.0,0,Bengaluru,66,0
28,101018.0,unemployed,682.0,17690.0,3,Mumbai,53,0
59,133803.0,salaried,752.0,18484.0,1,Delhi,5,0
28,59095.0,salaried,525.0,1000.0,4,Mumbai,34,0
54,103577.0,salaried,704.0,9764.0,4,Mumbai,18,0
55,77363.0,salaried,763.0,21665.0,5,Pune,16,0
24,68673.0,salaried,669.0,21484.0,5,Mumbai,59,0
30,81517.0,self-employed,719.0,7617.0,0,Pune,58,0
60,73362.0,self-employed,631.0,19426.0,0,Bengaluru,38,1
46,74429.0,self-employed,672.0,27202.0,5,Delhi,53,0
27,63017.0,salaried,567.0,24994.0,2,Delhi,10,0
69,41242.0,self-employed,516.0,17142.0,0,Pune,16,0
34,38040.0,salaried,746.0,13788.0,1,Mumbai,62,0
22,86371.0,self-employed,611.0,12336.0,5,Mumbai,33,0
66,65913.0,salaried,648.0,22210.0,2,Pune,39,0
22,58886.0,salaried,583.0,19756.0,0,Mumbai,33,0
48,72187.0,salaried,581.0,23665.0,4,Bengaluru,15,0
69,89489.0,salaried,668.0,19187.0,1,Bengaluru,59,0
49,75968.0,salaried,629.0,25369.0,2,Bengaluru,54,0
50,57567.0,salaried,706.0,18851.0,0,Delhi,49,0
40,98978.0,salaried,712.0,25062.0,3,Delhi,26,0
28,106742.0,salaried,702.0,25837.0,2,Delhi,46,1
49,82880.0,salaried,697.0,10759.0,5,Pune,68,0
65,93421.0,unemployed,790.0,1727.0,2,Delhi,47,0
26,99323.0,salaried,605.0,31891.0,1,Bengaluru,36,0
64,96862.0,salaried,676.0,20310.0,0,Bengaluru,20,0
41,85510.0,salaried,759.0,2570.0,1,Delhi,38,0
47,85164.0,salaried,769.0,11576.0,2,Mumbai,27,0
29,83433.0,unemployed,580.0,24947.0,0,Delhi,44,1
51,47859.0,salaried,658.0,15483.0,2,Pune,4,0
30,87416.0,self-employed,775.0,13391.0,5,Delhi,14,0
35,42172.0,salaried,716.0,30608.0,4,Delhi,56,0
56,54519.0,salaried,694.0,8574.0,3,Bengaluru,28,0
24,100678.0,salaried,665.0,10817.0,5,Pune,31,0
43,90485.0,unemployed,653.0,19902.0,4,Bengaluru,39,0
50,104723.0,salaried,700.0,21514.0,3,Bengaluru,32,0
28,66023.0,salaried,662.0,22467.0,5,Pune,54,0
36,46651.0,salaried,677.0,26201.0,0,Pune,18,0
38,66710.0,salaried,686.0,19787.0,4,Delhi,54,0
53,74245.0,salaried,633.0,22404.0,1,Bengaluru,15,0
68,73738.0,salaried,717.0,15667.0,4,Delhi,27,0
62,96941.0,salaried,850.0,18564.0,5,Bengaluru,42,0
31,64052.0,self-employed,556.0,18968.0,2,Pune,63,0
22,79745.0,self-employed,703.0,19936.0,0,Delhi,17,0
24,50250.0,salaried,627.0,24953.0,2,Pune,42,0
50,81907.0,salaried,720.0,22996.0,2,Bengaluru,5,0
29,72068.0,salaried,683.0,18398.0,5,Pune,6,0
33,55504.0,self-employed,733.0,10718.0,5,Delhi,55,0
62,66812.0,salaried,762.0,18609.0,3,Mumbai,52,0
63,67948.0,self-employed,693.0,17748.0,5,Bengaluru,27,1
62,66057.0,self-employed,759.0,19739.0,2,Pune,45,0
34,110970.0,self-employed,516.0,37859.0,2,Pune,27,0
51,69834.0,salaried,791.0,13286.0,5,Delhi,20,0
51,66634.0,unemployed,706.0,21801.0,4,Pune,31,0
30,25856.0,salaried,755.0,27616.0,3,Bengaluru,23,0
48,52327.0,salaried,595.0,18882.0,2,Delhi,58,1
47,66212.0,salaried,622.0,39041.0,4,Delhi,30,1
41,56911.0,salaried,690.0,14598.0,4,Mumbai,23,0
58,102398.0,self-employed,679.0,20917.0,2,Mumbai,39,0
54,68371.0,self-employed,700.0,10811.0,0,Pune,54,0
47,100346.0,salaried,756.0,14836.0,0,Bengaluru,20,0
56,73358.0,unemployed,556.0,20240.0,0,Bengaluru,67,1
58,72819.0,salaried,748.0,25617.0,2,Delhi,33,0
49,70046.0,salaried,681.0,20872.0,3,Delhi,47,0
34,72084.0,salaried,666.0,29332.0,4,Pune,68,0
58,109813.0,unemployed,577.0,17145.0,1,Mumbai,31,0
56,20969.0,salaried,715.0,15010.0,4,Mumbai,15,0
69,27966.0,salaried,511.0,42336.0,3,Pune,54,0
29,60050.0,salaried,725.0,21548.0,0,Pune,1,0
42,72320.0,unemployed,576.0,11525.0,2,Mumbai,33,1
66,87182.0,self-employed,684.0,11752.0,1,Pune,70,0
46,82408.0,self-employed,672.0,9516.0,5,Mumbai,30,0
67,63547.0,self-employed,762.0,26429.0,5,Delhi,49,0
22,94419.0,self-employed,667.0,14721.0,4,Bengaluru,38,0
23,94664.0,salaried,631.0,19146.0,3,Delhi,16,0
60,76049.0,salaried,645.0,17428.0,2,Pune,23,0
39,93178.0,self-employed,769.0,24583.0,1,Pune,38,0
46,77998.0,self-employed,718.0,10379.0,4,Pune,8,1
42,59647.0,salaried,653.0,8320.0,0,Mumbai,30,0
41,87352.0,salaried,663.0,20019.0,1,Delhi,30,1
67,74433.0,self-employed,570.0,23409.0,0,Delhi,60,1
26,72029.0,salaried,707.0,20993.0,2,Mumbai,9,0
59,104405.0,unemployed,557.0,10715.0,1,Pune,60,0
64,18081.0,salaried,733.0,24097.0,1,Pune,30,0
53,40811.0,salaried,689.0,11305.0,2,Mumbai,47,0
40,45884.0,self-employed,847.0,13306.0,5,Delhi,40,0
29,64008.0,salaried,603.0,9504.0,3,Delhi,22,0
54,66399.0,salaried,673.0,29710.0,4,Delhi,67,0
44,38839.0,salaried,806.0,23701.0,5,Delhi,16,1
29,50327.0,self-employed,763.0,23445.0,5,Bengaluru,3,0
39,53061.0,salaried,631.0,29225.0,2,Bengaluru,54,0
68,126063.0,salaried,696.0,43314.0,5,Delhi,45,0
34,111638.0,self-employed,680.0,2617.0,5,Bengaluru,64,0
30,62942.0,unemployed,700.0,11355.0,5,Pune,33,0
54,64001.0,salaried,631.0,12454.0,2,Bengaluru,2,0
31,46718.0,salaried,674.0,10343.0,1,Bengaluru,2,0
66,30021.0,salaried,568.0,8302.0,3,Delhi,31,0
63,69429.0,salaried,689.0,15303.0,5,Bengaluru,18,0
69,50047.0,salaried,712.0,7051.0,5,Delhi,66,0
65,70133.0,self-employed,664.0,21015.0,3,Delhi,9,0
33,36795.0,salaried,567.0,18465.0,0,Pune,63,0
32,55237.0,salaried,749.0,22329.0,2,Bengaluru,16,0
38,75270.0,self-employed,706.0,22570.0,4,Delhi,9,0
44,80057.0,salaried,629.0,23427.0,3,Bengaluru,20,0
64,81184.0,salaried,660.0,14639.0,2,Pune,11,0
57,42949.0,self-employed,575.0,37090.0,2,Bengaluru,29,1
52,90803.0,self-employed,608.0,20110.0,0,Mumbai,24,0
64,54395.0,self-employed,642.0,1238.0,1,Mumbai,38,1
53,85923.0,salaried,766.0,8979.0,4,Delhi,39,0
40,71766.0,salaried,635.0,2335.0,1,Delhi,1,0
41,41719.0,unemployed,725.0,18156.0,5,Bengaluru,9,0
46,65044.0,salaried,642.0,16904.0,0,Pune,12,0
26,80038.0,salaried,697.0,13784.0,3,Delhi,14,0
57,85485.0,salaried,670.0,36098.0,2,Delhi,7,0
53,68898.0,self-employed,741.0,22941.0,4,Bengaluru,23,0
57,105699.0,unemployed,643.0,24535.0,5,Delhi,40,1
47,94165.0,salaried,570.0,9620.0,3,Pune,22,0
59,66354.0,unemployed,583.0,9008.0,3,Bengaluru,24,0
67,88503.0,salaried,643.0,18331.0,4,Mumbai,34,0
49,114543.0,salaried,593.0,19557.0,3,Bengaluru,39,0
43,115131.0,self-employed,709.0,1293.0,1,Mumbai,24,0
27,44984.0,salaried,647.0,16377.0,2,Pune,16,0
59,51616.0,salaried,846.0,18127.0,1,Bengaluru,30,0
65,104668.0,salaried,558.0,16064.0,2,Delhi,2,0
55,48718.0,unemployed,694.0,10679.0,3,Bengaluru,35,0
63,42904.0,salaried,601.0,13144.0,1,Delhi,67,1
63,61304.0,unemployed,645.0,16408.0,1,Delhi,29,0
60,81245.0,self-employed,690.0,18817.0,4,Pune,8,0
46,69747.0,salaried,517.0,23443.0,2,Mumbai,51,0
26,57688.0,self-employed,697.0,27728.0,1,Mumbai,10,0
22,57167.0,salaried,813.0,15351.0,4,Pune,14,0
31,56329.0,salaried,648.0,13895.0,4,Mumbai,11,0
42,52651.0,self-employed,698.0,21939.0,4,Delhi,63,0
57,122196.0,self-employed,752.0,23498.0,4,Bengaluru,70,0
43,78545.0,salaried,669.0,14092.0,5,Bengaluru,41,0
23,91509.0,salaried,639.0,25114.0,3,Pune,44,0
32,61240.0,salaried,521.0,26816.0,1,Bengaluru,46,0
69,67909.0,self-employed,725.0,29625.0,5,Bengaluru,44,0
69,56302.0,salaried,672.0,34005.0,1,Bengaluru,39,0
40,18000.0,salaried,609.0,10202.0,1,Pune,71,0
60,41684.0,salaried,689.0,18125.0,4,Pune,53,0
56,32166.0,salaried,639.0,18101.0,5,Bengaluru,7,0
66,22505.0,self-employed,643.0,17117.0,2,Mumbai,28,1
64,45702.0,self-employed,722.0,12157.0,4,Pune,70,0
52,101149.0,salaried,586.0,4630.0,5,Mumbai,29,0
40,71022.0,salaried,753.0,18834.0,4,Bengaluru,15,0
52,100392.0,salaried,582.0,11085.0,0,Delhi,62,0
37,81042.0,self-employed,634.0,18774.0,3,Mumbai,45,0
38,89216.0,self-employed,815.0,10854.0,1,Mumbai,40,0
51,52180.0,salaried,759.0,8103.0,5,Delhi,30,0
49,83527.0,salaried,687.0,20109.0,0,Delhi,9,0
49,88032.0,salaried,614.0,19358.0,5,Bengaluru,28,0
40,59314.0,salaried,643.0,23214.0,1,Pune,32,1
41,84310.0,self-employed,685.0,37673.0,2,Bengaluru,67,0
22,84456.0,salaried,683.0,20496.0,1,Pune,22,0
50,59910.0,salaried,674.0,22366.0,4,Bengaluru,11,0
49,47299.0,unemployed,678.0,8302.0,2,Mumbai,31,0
66,45949.0,salaried,665.0,6418.0,4,Mumbai,71,0
46,73903.0,salaried,579.0,32245.0,0,Mumbai,35,0
44,79194.0,salaried,644.0,9689.0,2,Pune,27,0
25,54564.0,salaried,744.0,8605.0,5,Bengaluru,48,0
31,72585.0,salaried,584.0,17648.0,5,Mumbai,47,0
38,84552.0,salaried,667.0,17188.0,1,Pune,22,0
40,85600.0,salaried,623.0,9877.0,2,Mumbai,69,0
39,106141.0,salaried,688.0,15255.0,2,Bengaluru,43,0
40,100094.0,salaried,653.0,29064.0,3,Delhi,5,0
58,49972.0,self-employed,783.0,10746.0,3,Bengaluru,29,0
28,109039.0,salaried,715.0,5457.0,0,Delhi,66,0
37,60319.0,salaried,588.0,26483.0,4,Delhi,28,0
29,94987.0,salaried,727.0,22431.0,1,Bengaluru,41,0
36,73496.0,self-employed,626.0,12415.0,1,Mumbai,44,1
54,62933.0,self-employed,640.0,3760.0,5,Bengaluru,51,0
24,32231.0,salaried,702.0,11298.0,4,Delhi,62,0
38,68226.0,salaried,646.0,17508.0,2,Delhi,11,0
23,37694.0,salaried,742.0,28491.0,5,Pune,37,0
67,93281.0,salaried,626.0,8671.0,2,Bengaluru,38,0
56,105369.0,salaried,637.0,17239.0,3,Pune,11,0
33,54468.0,salaried,634.0,24076.0,1,Mumbai,48,0
31,78643.0,salaried,640.0,1000.0,1,Bengaluru,9,0
26,56041.0,salaried,757.0,27304.0,2,Mumbai,33,0
44,58173.0,salaried,724.0,7358.0,3,Mumbai,24,0
58,89039.0,salaried,800.0,20988.0,4,Delhi,12,0
50,71152.0,self-employed,839.0,20220.0,2,Mumbai,59,0
64,110272.0,salaried,608.0,27761.0,5,Bengaluru,18,0
38,61391.0,unemployed,685.0,22958.0,3,Pune,19,1
35,93985.0,salaried,598.0,1000.0,0,Mumbai,61,0
44,74143.0,self-employed,626.0,10937.0,4,Bengaluru,63,1
31,89507.0,unemployed,636.0,19244.0,3,Delhi,3,0
68,62163.0,unemployed,606.0,16245.0,2,Pune,20,1
30,70910.0,self-employed,606.0,22298.0,2,Delhi,51,1
44,69459.0,self-employed,670.0,25104.0,1,Delhi,56,0
47,53607.0,self-employed,595.0,23476.0,3,Mumbai,71,1
24,86566.0,self-employed,739.0,16072.0,3,Bengaluru,40,1
44,86305.0,salaried,616.0,1383.0,2,Pune,1,0
43,85058.0,salaried,850.0,13901.0,1,Delhi,63,0
34,105813.0,salaried,648.0,21747.0,2,Bengaluru,12,0
28,103886.0,self-employed,685.0,8186.0,2,Delhi,9,0
24,63751.0,salaried,589.0,23681.0,2,Delhi,48,0
22,80207.0,salaried,799.0,26176.0,1,Pune,43,0
45,58281.0,self-employed,758.0,19142.0,3,Mumbai,5,0
26,72514.0,salaried,701.0,1000.0,1,Pune,13,0
68,58806.0,salaried,586.0,6497.0,3,Bengaluru,42,0
33,107642.0,salaried,695.0,34976.0,0,Delhi,19,0
53,80001.0,salaried,601.0,13081.0,2,Pune,49,1
54,67203.0,salaried,782.0,1000.0,4,Bengaluru,30,0
45,98260.0,salaried,737.0,29117.0,4,Bengaluru,42,0
64,24246.0,salaried,687.0,18120.0,4,Bengaluru,34,0
27,27690.0,salaried,509.0,27944.0,4,Pune,26,0
33,89508.0,salaried,611.0,20493.0,0,Delhi,25,0
34,73330.0,self-employed,728.0,22127.0,2,Delhi,50,0
28,77510.0,salaried,765.0,21267.0,3,Pune,37,0
36,42819.0,unemployed,758.0,24277.0,4,Pune,43,0
37,71489.0,unemployed,569.0,38497.0,3,Mumbai,41,0
58,116077.0,salaried,701.0,26739.0,5,Pune,15,0
36,90132.0,salaried,751.0,3777.0,1,Delhi,65,0
64,75734.0,salaried,564.0,22020.0,0,Bengaluru,40,0
59,62341.0,self-employed,679.0,28273.0,0,Bengaluru,51,0
65,63319.0,self-employed,699.0,28824.0,3,Mumbai,63,0
27,25158.0,self-employed,659.0,14161.0,3,Delhi,66,0
69,77668.0,salaried,550.0,28485.0,1,Mumbai,48,0
51,90601.0,self-employed,657.0,26350.0,4,Delhi,56,0
69,37336.0,salaried,657.0,41153.0,4,Pune,34,1
39,57449.0,self-employed,670.0,11250.0,2,Pune,53,0
67,46536.0,salaried,641.0,13433.0,1,Delhi,23,0
50,50762.0,self-employed,649.0,15245.0,4,Pune,51,0
25,73177.0,self-employed,677.0,13588.0,4,Bengaluru,7,0
41,26143.0,salaried,711.0,9990.0,1,Delhi,65,0
28,85514.0,salaried,659.0,1000.0,1,Bengaluru,18,0
67,88585.0,salaried,651.0,14088.0,2,Delhi,47,0
36,66476.0,self-employed,686.0,21324.0,3,Pune,1,0
32,18000.0,salaried,546.0,13561.0,0,Bengaluru,12,0
48,50079.0,unemployed,713.0,35418.0,5,Pune,71,0
42,99124.0,salaried,680.0,18120.0,2,Delhi,60,1
26,18000.0,unemployed,683.0,29619.0,2,Mumbai,16,0
61,64354.0,self-employed,747.0,20353.0,0,Mumbai,10,0
62,46040.0,salaried,543.0,25438.0,5,Delhi,58,0
57,89701.0,self-employed,542.0,20513.0,1,Mumbai,71,0
51,57147.0,self-employed,699.0,30319.0,5,Bengaluru,12,0
41,80887.0,unemployed,680.0,18503.0,2,Bengaluru,48,0
48,84440.0,salaried,692.0,22465.0,5,Delhi,21,0
47,112397.0,salaried,648.0,21297.0,1,Delhi,53,0
29,67535.0,salaried,727.0,15405.0,0,Delhi,30,0
25,80273.0,salaried,745.0,21645.0,4,Mumbai,9,0
34,39329.0,salaried,714.0,38109.0,4,Pune,24,0
43,98189.0,salaried,662.0,15566.0,3,Pune,39,0
29,55269.0,salaried,532.0,21775.0,0,Bengaluru,57,0
27,59663.0,salaried,734.0,29320.0,5,Mumbai,2,0
62,71511.0,salaried,766.0,28262.0,2,Pune,68,1
39,37617.0,self-employed,725.0,18105.0,5,Pune,47,0
50,77033.0,self-employed,618.0,1000.0,5,Mumbai,63,0
47,93284.0,salaried,727.0,22650.0,5,Mumbai,67,0
57,78445.0,salaried,740.0,1000.0,4,Pune,11,0
57,37044.0,unemployed,789.0,31229.0,4,Mumbai,7,0
36,69276.0,salaried,619.0,19525.0,3,Mumbai,56,0
62,88325.0,salaried,664.0,26997.0,0,Pune,14,0
39,30684.0,salaried,732.0,9881.0,2,Mumbai,11,0
62,48355.0,self-employed,684.0,4027.0,4,Delhi,34,0
41,91284.0,salaried,602.0,20347.0,4,Mumbai,65,0
27,77942.0,self-employed,709.0,17698.0,3,Pune,57,0
58,81063.0,self-employed,721.0,13576.0,4,Pune,37,0
23,112909.0,salaried,686.0,18762.0,0,Bengaluru,14,0
59,82308.0,self-employed,695.0,42907.0,2,Delhi,24,0
24,86474.0,self-employed,662.0,25511.0,3,Bengaluru,49,0
31,131636.0,salaried,783.0,27445.0,5,Pune,12,0
50,67296.0,salaried,617.0,25595.0,1,Pune,38,1
67,54447.0,salaried,639.0,31315.0,1,Pune,1,0
41,81412.0,salaried,681.0,16289.0,2,Bengaluru,24,0
27,81658.0,salaried,742.0,1000.0,1,Bengaluru,18,0
33,60412.0,unemployed,575.0,16303.0,3,Bengaluru,49,1
65,49287.0,salaried,588.0,25306.0,3,Bengaluru,65,0
56,122817.0,salaried,537.0,9272.0,4,Delhi,11,0
26,79191.0,self-employed,682.0,16413.0,5,Delhi,57,0
40,55890.0,salaried,602.0,11774.0,0,Bengaluru,47,0
34,92150.0,unemployed,653.0,31518.0,1,Pune,69,0
30,69599.0,self-employed,726.0,24745.0,1,Pune,65,0
62,66437.0,salaried,635.0,23864.0,1,Bengaluru,8,0
51,84370.0,salaried,696.0,23594.0,4,Pune,53,0
30,43579.0,unemployed,659.0,17665.0,0,Mumbai,43,0
53,79758.0,self-employed,727.0,19778.0,0,Delhi,9,0
41,114085.0,unemployed,713.0,7333.0,5,Pune,19,0
24,82256.0,salaried,632.0,1000.0,5,Bengaluru,66,0
43,63723.0,self-employed,668.0,19351.0,1,Bengaluru,39,0
30,60844.0,self-employed,753.0,20916.0,1,Pune,25,0
33,62973.0,salaried,708.0,28883.0,3,Delhi,23,0
64,66413.0,salaried,582.0,32142.0,3,Bengaluru,60,1
56,63688.0,self-employed,726.0,32130.0,5,Delhi,21,0
28,92159.0,salaried,604.0,9018.0,2,Mumbai,12,0
62,33869.0,salaried,779.0,14830.0,0,Delhi,41,0
49,90964.0,self-employed,752.0,22323.0,2,Delhi,71,1
63,63647.0,salaried,700.0,40787.0,3,Delhi,14,0
57,80293.0,salaried,691.0,31321.0,3,Mumbai,19,0
38,47206.0,salaried,665.0,28075.0,3,Pune,34,0
47,101230.0,salaried,727.0,14510.0,5,Bengaluru,15,0
47,99404.0,unemployed,654.0,10051.0,4,Mumbai,47,0
56,93111.0,self-employed,696.0,25100.0,1,Pune,19,0
33,38675.0,salaried,741.0,8094.0,2,Pune,10,0
37,90241.0,unemployed,641.0,15854.0,4,Mumbai,19,0
33,80907.0,self-employed,637.0,16967.0,2,Mumbai,67,0
36,36684.0,salaried,596.0,32336.0,2,Pune,67,0
29,71465.0,self-employed,605.0,14808.0,1,Bengaluru,36,0
23,80020.0,salaried,552.0,1000.0,1,Mumbai,29,0
67,84234.0,unemployed,731.0,22540.0,4,Pune,59,0
25,75900.0,self-employed,807.0,11709.0,5,Mumbai,14,0
64,78407.0,self-employed,780.0,18384.0,4,Delhi,47,0
22,104419.0,salaried,566.0,17220.0,1,Pune,49,1
59,98973.0,self-employed,731.0,15537.0,0,Bengaluru,51,0
37,18000.0,salaried,780.0,25113.0,0,Delhi,16,0
46,65016.0,salaried,648.0,4204.0,2,Bengaluru,51,0
35,68378.0,salaried,687.0,13347.0,3,Delhi,44,0
45,33454.0,self-employed,539.0,24156.0,5,Pune,63,1
43,74072.0,salaried,699.0,12473.0,5,Bengaluru,13,0
47,99473.0,unemployed,606.0,3521.0,0,Pune,44,0
40,48096.0,self-employed,694.0,24017.0,4,Bengaluru,59,0
47,79401.0,salaried,571.0,28108.0,1,Bengaluru,20,1
61,51852.0,salaried,718.0,17595.0,1,Delhi,53,0
42,57218.0,salaried,752.0,1000.0,3,Delhi,8,0
39,104503.0,salaried,625.0,24354.0,0,Pune,51,0
28,60064.0,self-employed,600.0,3061.0,2,Bengaluru,44,1
39,82169.0,salaried,529.0,20779.0,3,Delhi,14,0
28,30833.0,self-employed,661.0,10013.0,1,Bengaluru,5,0
30,112971.0,salaried,639.0,7561.0,3,Pune,53,0
67,85258.0,self-employed,571.0,14023.0,2,Bengaluru,18,0
26,67985.0,unemployed,712.0,16350.0,4,Pune,36,0
45,84662.0,self-employed,649.0,12202.0,1,Mumbai,5,1
62,40984.0,self-employed,605.0,23298.0,0,Mumbai,69,1
67,98016.0,self-employed,641.0,13985.0,3,Delhi,39,0
29,64872.0,salaried,755.0,26822.0,1,Pune,67,0
29,67510.0,salaried,722.0,20531.0,4,Mumbai,12,0
39,61184.0,salaried,671.0,11722.0,0,Pune,15,0
48,59226.0,salaried,723.0,10207.0,3,Delhi,44,0
68,87283.0,self-employed,599.0,3173.0,5,Pune,43,0
31,77630.0,self-employed,682.0,20617.0,0,Bengaluru,57,0
29,86338.0,self-employed,690.0,14809.0,1,Bengaluru,66,0
34,71807.0,salaried,647.0,1000.0,5,Delhi,59,1
63,83290.0,self-employed,710.0,13179.0,3,Bengaluru,10,0
23,62785.0,salaried,625.0,9891.0,1,Pune,22,0
40,121054.0,salaried,716.0,32181.0,1,Mumbai,65,0
27,37506.0,self-employed,719.0,2675.0,4,Mumbai,39,0
29,99741.0,unemployed,476.0,5028.0,5,Bengaluru,62,0
66,102094.0,salaried,763.0,27990.0,2,Bengaluru,40,0
22,53253.0,salaried,467.0,30211.0,2,Delhi,4,0
37,121044.0,salaried,637.0,11295.0,4,Mumbai,34,0
65,93901.0,salaried,752.0,12311.0,1,Pune,59,0
51,93365.0,self-employed,658.0,23546.0,1,Mumbai,47,0
25,72616.0,self-employed,577.0,1000.0,4,Mumbai,10,0
44,67221.0,salaried,603.0,1249.0,1,Mumbai,15,0
68,67393.0,salaried,752.0,15473.0,4,Delhi,61,0
41,80592.0,salaried,545.0,31949.0,2,Mumbai,70,0
47,102826.0,unemployed,759.0,14078.0,5,Bengaluru,54,0
47,75989.0,salaried,676.0,18908.0,0,Pune,7,0
53,51948.0,self-employed,597.0,28204.0,5,Pune,44,0
30,90137.0,self-employed,639.0,36962.0,1,Delhi,59,0
62,92265.0,salaried,609.0,12808.0,0,Bengaluru,46,0
69,86403.0,salaried,741.0,17848.0,4,Pune,43,0
28,88401.0,unemployed,731.0,34398.0,3,Mumbai,34,0
61,66040.0,salaried,560.0,4300.0,5,Mumbai,18,0
61,51562.0,salaried,652.0,27248.0,0,Bengaluru,20,0
57,52900.0,self-employed,620.0,8835.0,0,Mumbai,53,0
39,36020.0,self-employed,771.0,18922.0,3,Delhi,5,0
44,77213.0,unemployed,585.0,15816.0,5,Pune,6,1
62,70164.0,salaried,792.0,9378.0,2,Bengaluru,29,0
29,62320.0,salaried,678.0,9152.0,4,Mumbai,55,0
61,18000.0,salaried,599.0,20488.0,5,Bengaluru,47,1
66,44559.0,salaried,633.0,26960.0,5,Delhi,42,0
54,96658.0,salaried,624.0,16832.0,3,Pune,38,0
38,57378.0,salaried,591.0,18631.0,4,Mumbai,8,0
48,79933.0,salaried,687.0,23141.0,3,Bengaluru,24,0
24,41405.0,salaried,594.0,9255.0,4,Pune,6,0
66,103652.0,salaried,527.0,24657.0,3,Pune,54,0
38,68831.0,salaried,653.0,25374.0,3,Pune,54,0
24,78381.0,self-employed,554.0,41433.0,2,Mumbai,19,0
60,123167.0,salaried,627.0,14615.0,3,Pune,21,0
53,105362.0,salaried,616.0,13877.0,4,Mumbai,23,0
51,65256.0,salaried,619.0,24921.0,5,Mumbai,64,1
24,58949.0,salaried,820.0,25372.0,3,Pune,35,0
58,64838.0,salaried,684.0,13184.0,0,Mumbai,55,0
52,83218.0,salaried,697.0,14372.0,3,Pune,32,0
60,69685.0,salaried,556.0,22870.0,1,Bengaluru,50,0
61,63305.0,salaried,634.0,10552.0,0,Mumbai,38,0
32,104278.0,salaried,695.0,14305.0,0,Mumbai,20,0
32,69487.0,salaried,608.0,18806.0,3,Mumbai,63,0
66,122591.0,salaried,744.0,26963.0,5,Delhi,51,0
47,73996.0,self-employed,596.0,12559.0,3,Pune,55,0
43,111277.0,self-employed,660.0,1419.0,2,Pune,68,0
35,79861.0,self-employed,639.0,1000.0,0,Mumbai,18,0
52,93185.0,salaried,692.0,6665.0,4,Pune,7,0
58,56059.0,self-employed,635.0,6181.0,0,Pune,42,1
22,53217.0,salaried,661.0,16609.0,5,Pune,24,0
48,82114.0,salaried,663.0,7300.0,4,Delhi,31,0
69,93748.0,self-employed,629.0,11675.0,5,Bengaluru,17,0
35,72886.0,salaried,714.0,11033.0,1,Pune,29,0
35,43699.0,salaried,697.0,14035.0,0,Bengaluru,28,0
