age,income,city,credit_score,spending,visits_per_month
47,75099.0,Mumbai,678.0,25781.0,3
46,64578.0,Delhi,591.0,24178.0,4
66,80020.0,Delhi,692.0,22094.0,4
58,50833.0,Mumbai,713.0,24406.0,1
48,61111.0,Bengaluru,605.0,14077.0,3
45,54109.0,Mumbai,703.0,19621.0,2
65,19236.0,Pune,770.0,11368.0,1
61,82107.0,Mumbai,557.0,24927.0,6
55,93712.0,Pune,699.0,24675.0,7
47,99279.0,Mumbai,744.0,29275.0,5
27,113417.0,Pune,762.0,27306.0,7
39,98794.0,Bengaluru,602.0,28314.0,3
55,74266.0,Pune,656.0,23409.0,4
60,89031.0,Bengaluru,688.0,22072.0,5
54,63253.0,Pune,765.0,15246.0,4
30,95024.0,Pune,833.0,21297.0,3
32,69105.0,Bengaluru,702.0,28953.0,1
64,20198.0,Bengaluru,782.0,13293.0,1
38,75243.0,Bengaluru,672.0,26154.0,3
54,77469.0,Bengaluru,659.0,26067.0,1
31,47798.0,Mumbai,767.0,20581.0,3
67,87380.0,Delhi,808.0,25453.0,5
35,104488.0,Pune,826.0,28900.0,3
32,48254.0,Mumbai,631.0,12661.0,3
34,94143.0,Mumbai,610.0,30600.0,5
33,96817.0,Bengaluru,811.0,22053.0,5
26,53191.0,Bengaluru,526.0,11404.0,7
43,65366.0,Mumbai,669.0,24708.0,3
49,49763.0,Pune,639.0,30887.0,3
29,62111.0,Delhi,791.0,10743.0,7
44,74800.0,Mumbai,696.0,14785.0,4
23,103989.0,Delhi,725.0,27234.0,4
48,60666.0,Pune,699.0,8935.0,4
38,38688.0,Bengaluru,666.0,14248.0,6
54,18000.0,Delhi,729.0,1000.0,1
58,59933.0,Mumbai,615.0,24536.0,3
29,44477.0,Bengaluru,607.0,15711.0,1
64,80454.0,Bengaluru,653.0,17845.0,6
59,81506.0,Mumbai,670.0,32248.0,2
33,37913.0,Delhi,630.0,15774.0,3
43,84695.0,Bengaluru,693.0,26388.0,3
67,70922.0,Mumbai,850.0,18397.0,1
64,69923.0,Mumbai,665.0,25951.0,2
25,63506.0,Mumbai,753.0,17225.0,8
64,99050.0,Mumbai,662.0,41204.0,5
25,90270.0,Pune,773.0,28875.0,3
37,80493.0,Mumbai,599.0,24406.0,0
55,103622.0,Delhi,753.0,32112.0,5
61,76833.0,Pune,712.0,22626.0,2
25,79328.0,Mumbai,716.0,24887.0,5
68,88847.0,Pune,590.0,22259.0,2
68,69510.0,Mumbai,650.0,15034.0,5
40,47152.0,Mumbai,787.0,17776.0,3
35,118299.0,Pune,570.0,27920.0,3
27,98632.0,Mumbai,654.0,25587.0,4
28,44813.0,Delhi,719.0,26528.0,5
24,52403.0,Pune,833.0,15626.0,4
58,50424.0,Bengaluru,776.0,18337.0,4
42,39432.0,Mumbai,788.0,28537.0,5
42,84690.0,Delhi,650.0,27220.0,2
34,112051.0,Delhi,699.0,38911.0,1
65,85291.0,Bengaluru,629.0,24158.0,4
47,113420.0,Delhi,662.0,20855.0,2
45,65961.0,Bengaluru,693.0,7462.0,6
40,82311.0,Pune,628.0,16570.0,4
22,53761.0,Mumbai,784.0,22253.0,5
29,76516.0,Mumbai,688.0,29954.0,5
29,101778.0,Bengaluru,657.0,31313.0,3
42,93125.0,Mumbai,619.0,21592.0,4
26,100488.0,Delhi,779.0,22684.0,5
65,66215.0,Delhi,734.0,22163.0,6
30,97904.0,Pune,663.0,14504.0,4
49,110805.0,Pune,594.0,20890.0,6
34,89525.0,Bengaluru,744.0,25205.0,4
26,42638.0,Pune,672.0,16490.0,5
25,82776.0,Bengaluru,756.0,27519.0,1
44,81863.0,Bengaluru,685.0,23180.0,3
64,59870.0,Pune,790.0,17104.0,4
56,51261.0,Delhi,680.0,12631.0,3
54,56504.0,Delhi,803.0,19626.0,7
52,103574.0,Delhi,744.0,25129.0,5
43,79192.0,Mumbai,583.0,27023.0,2
55,116102.0,Pune,662.0,22014.0,1
65,32872.0,Delhi,801.0,22806.0,4
47,86140.0,Bengaluru,705.0,19881.0,4
51,114404.0,Mumbai,645.0,29998.0,2
31,119953.0,Delhi,691.0,33119.0,3
54,63061.0,Bengaluru,771.0,22528.0,4
27,114192.0,Bengaluru,713.0,31199.0,3
56,102255.0,Mumbai,670.0,26809.0,7
69,104376.0,Delhi,558.0,13427.0,3
43,81138.0,Pune,811.0,21660.0,7
46,100244.0,Pune,615.0,29513.0,2
36,97963.0,Mumbai,764.0,31266.0,8
58,61543.0,Delhi,569.0,21278.0,2
64,18000.0,Mumbai,643.0,12825.0,3
29,103409.0,Pune,620.0,22596.0,6
39,101598.0,Pune,749.0,20207.0,3
39,94060.0,Delhi,641.0,27757.0,3
42,66538.0,Pune,727.0,21046.0,5
22,66498.0,Bengaluru,816.0,19658.0,4
35,38477.0,Mumbai,694.0,18003.0,6
45,115208.0,Pune,618.0,27280.0,6
48,74248.0,Pune,661.0,19282.0,8
58,96552.0,Pune,609.0,28664.0,4
47,67968.0,Mumbai,748.0,19812.0,4
24,19902.0,Pune,737.0,19164.0,2
42,95404.0,Pune,708.0,32738.0,1
42,105602.0,Delhi,605.0,35605.0,5
38,121070.0,Delhi,520.0,33470.0,4
35,73748.0,Pune,658.0,18357.0,0
48,64996.0,Pune,660.0,24390.0,4
44,80113.0,Delhi,612.0,21890.0,2
40,51475.0,Bengaluru,618.0,17853.0,6
69,55409.0,Mumbai,657.0,23795.0,2
59,91104.0,Delhi,744.0,23287.0,2
28,70753.0,Mumbai,528.0,21730.0,1
29,63658.0,Pune,648.0,23153.0,3
35,85692.0,Pune,752.0,28171.0,2
56,67959.0,Bengaluru,521.0,21682.0,2
31,134104.0,Pune,673.0,44820.0,4
32,69261.0,Pune,687.0,31113.0,7
69,113516.0,Delhi,693.0,28936.0,3
66,93070.0,Bengaluru,821.0,25445.0,4
55,99610.0,Pune,683.0,28087.0,4
40,84825.0,Delhi,633.0,26518.0,7
52,72700.0,Bengaluru,651.0,29186.0,7
37,76256.0,Pune,688.0,18308.0,2
22,61722.0,Bengaluru,616.0,16105.0,4
65,85127.0,Pune,569.0,20293.0,5
69,99499.0,Pune,624.0,41089.0,9
24,18000.0,Mumbai,664.0,21435.0,1
49,45739.0,Delhi,809.0,8317.0,1
68,47374.0,Pune,637.0,17174.0,2
61,91684.0,Pune,640.0,15353.0,6
66,91015.0,Delhi,581.0,24084.0,5
60,66094.0,Delhi,786.0,18995.0,3
53,112123.0,Bengaluru,713.0,34897.0,4
46,66868.0,Pune,745.0,26814.0,4
49,88942.0,Pune,720.0,32659.0,1
22,95109.0,Bengaluru,632.0,27047.0,4
47,72063.0,Pune,701.0,24449.0,10
23,100916.0,Pune,611.0,32275.0,8
26,67053.0,Delhi,721.0,23567.0,4
61,75453.0,Delhi,775.0,17811.0,6
26,78564.0,Pune,850.0,17775.0,4
49,94043.0,Delhi,619.0,27751.0,5
55,110392.0,Delhi,778.0,19879.0,2
23,57670.0,Bengaluru,751.0,26947.0,3
67,42744.0,Mumbai,598.0,12265.0,4
41,91813.0,Bengaluru,703.0,30800.0,3
46,25549.0,Pune,787.0,11743.0,2
67,77091.0,Pune,638.0,14373.0,1
22,89786.0,Delhi,718.0,25589.0,3
27,33782.0,Mumbai,673.0,16135.0,7
61,55712.0,Delhi,711.0,11504.0,6
36,68487.0,Mumbai,630.0,29354.0,6
61,73080.0,Pune,692.0,21810.0,3
66,75815.0,Mumbai,721.0,24892.0,3
38,85495.0,Pune,645.0,32119.0,6
22,92527.0,Pune,623.0,17306.0,4
54,37958.0,Mumbai,680.0,26158.0,3
60,105864.0,Bengaluru,647.0,30737.0,1
28,69030.0,Bengaluru,688.0,22519.0,3
34,65901.0,Bengaluru,628.0,7173.0,4
29,102607.0,Mumbai,752.0,32595.0,5
50,63010.0,Mumbai,705.0,21251.0,7
56,54895.0,Pune,579.0,23566.0,3
23,30631.0,Bengaluru,794.0,13209.0,7
46,106185.0,Pune,623.0,19954.0,3
56,33129.0,Pune,660.0,11221.0,2
50,44365.0,Bengaluru,771.0,13719.0,3
69,24891.0,Mumbai,625.0,17848.0,3
47,66389.0,Bengaluru,840.0,18438.0,1
66,31136.0,Mumbai,511.0,20274.0,4
67,104145.0,Pune,468.0,28072.0,3
30,59473.0,Pune,702.0,15880.0,1
59,47964.0,Bengaluru,577.0,23787.0,2
51,85038.0,Bengaluru,691.0,24718.0,6
65,50133.0,Pune,622.0,12032.0,2
33,72967.0,Pune,662.0,18234.0,5
35,97834.0,Bengaluru,707.0,32633.0,6
41,56696.0,Pune,692.0,24810.0,3
69,67088.0,Bengaluru,666.0,24626.0,0
69,58222.0,Bengaluru,649.0,13740.0,7
61,68501.0,Delhi,669.0,16637.0,1
24,149398.0,Delhi,634.0,32550.0,2
26,24832.0,Mumbai,773.0,23888.0,6
54,97918.0,Delhi,605.0,25622.0,4
26,77402.0,Mumbai,706.0,28873.0,3
68,59286.0,Mumbai,710.0,14484.0,7
31,100417.0,Pune,552.0,11900.0,5
67,106021.0,Pune,709.0,26731.0,4
38,54422.0,Mumbai,770.0,23940.0,7
34,73901.0,Delhi,669.0,22119.0,3
32,61376.0,Bengaluru,736.0,21032.0,3
58,86847.0,Mumbai,680.0,26206.0,3
24,80314.0,Mumbai,697.0,27046.0,5
50,75600.0,Bengaluru,749.0,23837.0,6
43,86364.0,Mumbai,673.0,25285.0,7
48,88293.0,Delhi,727.0,17490.0,2
34,111708.0,Delhi,569.0,24135.0,1
24,55342.0,Pune,693.0,24398.0,3
44,74469.0,Pune,552.0,7098.0,6
37,134799.0,Mumbai,654.0,32552.0,4
59,60751.0,Bengaluru,634.0,18922.0,2
38,105603.0,Mumbai,716.0,23309.0,3
37,52559.0,Mumbai,653.0,28923.0,6
40,93491.0,Bengaluru,824.0,23900.0,6
23,71881.0,Pune,656.0,22525.0,7
45,85895.0,Pune,605.0,19517.0,5
62,69061.0,Delhi,529.0,14877.0,6
46,107185.0,Delhi,683.0,26705.0,5
45,75156.0,Bengaluru,660.0,19141.0,4
45,72043.0,Bengaluru,743.0,18199.0,4
33,87500.0,Pune,751.0,19133.0,2
27,59049.0,Bengaluru,743.0,21599.0,5
66,19908.0,Delhi,616.0,4156.0,2
59,40002.0,Mumbai,592.0,22032.0,1
57,58814.0,Mumbai,653.0,23935.0,5
24,117314.0,Bengaluru,617.0,27931.0,5
42,130783.0,Delhi,695.0,34503.0,4
22,43774.0,Pune,663.0,9222.0,3
38,79963.0,Pune,739.0,21490.0,4
26,59736.0,Delhi,646.0,13211.0,1
25,82134.0,Mumbai,546.0,23409.0,2
44,45247.0,Pune,736.0,12895.0,1
35,84705.0,Mumbai,850.0,20897.0,2
68,56891.0,Delhi,733.0,12941.0,5
56,47454.0,Pune,568.0,15460.0,4
39,60296.0,Delhi,573.0,12463.0,6
25,27669.0,Pune,805.0,6725.0,7
53,92260.0,Delhi,675.0,25052.0,7
40,55470.0,Delhi,684.0,19793.0,3
40,111973.0,Pune,642.0,27342.0,6
50,96177.0,Delhi,759.0,18643.0,6
41,105757.0,Mumbai,701.0,36090.0,5
57,66375.0,Delhi,595.0,17040.0,10
64,108057.0,Delhi,647.0,34412.0,2
57,107940.0,Pune,663.0,26750.0,3
69,66744.0,Pune,649.0,24536.0,4
36,77881.0,Bengaluru,741.0,13582.0,4
36,111281.0,Mumbai,620.0,29568.0,1
37,80223.0,Delhi,653.0,20043.0,5
31,59198.0,Delhi,808.0,27333.0,1
29,102511.0,Delhi,815.0,23461.0,4
31,105583.0,Pune,828.0,20680.0,3
57,54824.0,Delhi,716.0,15048.0,2
46,87048.0,Mumbai,748.0,23265.0,2
34,76920.0,Mumbai,625.0,25058.0,4
53,103690.0,Delhi,632.0,21545.0,2
45,58509.0,Mumbai,573.0,14616.0,2
22,108331.0,Mumbai,722.0,34598.0,6
65,98847.0,Pune,739.0,14354.0,3
40,67352.0,Delhi,730.0,23561.0,4
22,63145.0,Delhi,661.0,24045.0,3
30,47995.0,Bengaluru,657.0,21296.0,6
63,110789.0,Pune,757.0,19520.0,2
52,53007.0,Pune,610.0,10007.0,3
57,71791.0,Mumbai,701.0,23626.0,3
37,122492.0,Pune,777.0,30184.0,2
52,95821.0,Delhi,725.0,17264.0,6
36,84024.0,Delhi,716.0,28518.0,0
41,82673.0,Delhi,724.0,31184.0,3
30,71658.0,Pune,721.0,17609.0,4
51,43074.0,Mumbai,675.0,17379.0,3
50,90492.0,Pune,559.0,30650.0,3
67,49127.0,Mumbai,545.0,19354.0,6
54,128438.0,Mumbai,706.0,36057.0,6
26,37238.0,Bengaluru,668.0,15527.0,4
34,69556.0,Pune,821.0,10369.0,7
25,77320.0,Delhi,696.0,16706.0,6
35,61896.0,Pune,847.0,25633.0,6
38,77370.0,Mumbai,623.0,19568.0,7
67,93334.0,Mumbai,794.0,33680.0,2
26,111882.0,Bengaluru,724.0,31214.0,5
46,80339.0,Pune,788.0,17937.0,5
66,76601.0,Mumbai,623.0,29036.0,6
36,85666.0,Pune,628.0,25975.0,8
59,78021.0,Pune,647.0,31548.0,3
37,58796.0,Delhi,800.0,19347.0,4
29,76978.0,Bengaluru,725.0,22601.0,3
50,107004.0,Bengaluru,782.0,21653.0,2
39,79435.0,Mumbai,605.0,35426.0,4
22,76922.0,Mumbai,812.0,14278.0,2
41,73648.0,Bengaluru,781.0,21858.0,3
41,90805.0,Mumbai,641.0,29670.0,2
67,86951.0,Mumbai,631.0,29298.0,5
63,87793.0,Bengaluru,682.0,26036.0,2
37,68961.0,Mumbai,728.0,23517.0,2
57,19988.0,Bengaluru,673.0,19719.0,3
45,61658.0,Bengaluru,734.0,24843.0,5
65,75743.0,Mumbai,598.0,27579.0,4
47,54551.0,Bengaluru,786.0,30033.0,4
26,93066.0,Delhi,775.0,21274.0,1
59,54894.0,Pune,753.0,16818.0,6
54,23004.0,Pune,608.0,13061.0,5
63,96508.0,Mumbai,759.0,22092.0,5
56,70857.0,Bengaluru,603.0,26794.0,5
54,76627.0,Pune,790.0,19680.0,3
39,33490.0,Pune,591.0,12051.0,6
39,67760.0,Mumbai,670.0,25697.0,8
40,72872.0,Pune,748.0,21033.0,5
32,78104.0,Pune,607.0,17139.0,6
55,98211.0,Mumbai,542.0,28269.0,4
41,60970.0,Delhi,646.0,13291.0,1
68,70829.0,Mumbai,649.0,24387.0,3
49,117426.0,Pune,650.0,27043.0,5
36,72787.0,Pune,694.0,24019.0,4
58,111204.0,Delhi,679.0,30670.0,2
43,34124.0,Mumbai,689.0,16171.0,2
68,72124.0,Bengaluru,619.0,24102.0,5
60,106226.0,Delhi,650.0,30571.0,8
63,93289.0,Pune,716.0,28046.0,4
68,113146.0,Delhi,613.0,21118.0,4
59,67584.0,Mumbai,597.0,8317.0,2
67,79673.0,Pune,680.0,21963.0,9
65,19405.0,Bengaluru,850.0,1000.0,5
29,42454.0,Delhi,847.0,17156.0,7
55,89091.0,Bengaluru,506.0,13905.0,3
48,61217.0,Delhi,649.0,21111.0,3
67,96833.0,Mumbai,672.0,23002.0,3
58,68992.0,Bengaluru,673.0,10159.0,2
46,89475.0,Bengaluru,679.0,13998.0,5
52,55926.0,Mumbai,637.0,22487.0,8
26,50981.0,Pune,667.0,6804.0,5
38,102493.0,Bengaluru,595.0,26886.0,2
57,90002.0,Mumbai,561.0,26201.0,3
42,76504.0,Bengaluru,599.0,26362.0,9
67,96599.0,Mumbai,682.0,35647.0,3
53,97879.0,Mumbai,731.0,36441.0,4
23,103902.0,Bengaluru,850.0,20734.0,3
29,68380.0,Mumbai,632.0,21479.0,1
51,58301.0,Mumbai,757.0,25896.0,2
60,77404.0,Delhi,679.0,19341.0,4
36,84768.0,Bengaluru,655.0,23872.0,8
40,44338.0,Bengaluru,734.0,9181.0,4
41,22766.0,Mumbai,673.0,18081.0,5
33,86042.0,Bengaluru,626.0,23591.0,2
66,105838.0,Pune,629.0,21519.0,5
46,79297.0,Bengaluru,610.0,28773.0,3
38,70060.0,Mumbai,603.0,18240.0,2
66,80692.0,Delhi,718.0,25386.0,3
52,81352.0,Delhi,699.0,28329.0,1
22,51878.0,Pune,600.0,17132.0,4
42,82869.0,Pune,572.0,19986.0,2
54,104785.0,Mumbai,755.0,35596.0,9
66,85955.0,Pune,669.0,30334.0,3
46,72863.0,Delhi,673.0,20683.0,2
39,94458.0,Bengaluru,671.0,21703.0,6
37,90956.0,Delhi,673.0,18531.0,3
26,51652.0,Pune,615.0,13775.0,5
26,107628.0,Delhi,770.0,35196.0,1
42,96104.0,Delhi,764.0,16137.0,4
59,84596.0,Bengaluru,694.0,19614.0,3
41,87644.0,Bengaluru,489.0,14074.0,4
28,81819.0,Mumbai,687.0,21230.0,3
64,58627.0,Delhi,687.0,18908.0,3
61,91861.0,Delhi,730.0,23971.0,4
37,77359.0,Bengaluru,720.0,19645.0,3
38,103475.0,Bengaluru,775.0,26839.0,1
36,63806.0,Delhi,669.0,20374.0,5
28,58005.0,Mumbai,507.0,11338.0,3
41,55304.0,Mumbai,820.0,21963.0,6
44,101445.0,Bengaluru,831.0,22145.0,2
55,75408.0,Delhi,728.0,18097.0,2
30,63231.0,Delhi,565.0,13755.0,3
42,45966.0,Mumbai,748.0,13163.0,8
22,137527.0,Bengaluru,681.0,23284.0,3
47,78663.0,Mumbai,593.0,22306.0,4
41,61230.0,Bengaluru,739.0,21123.0,2
56,65043.0,Bengaluru,850.0,17004.0,3
49,104382.0,Delhi,696.0,19690.0,4
23,69380.0,Pune,684.0,22062.0,3
28,50446.0,Bengaluru,603.0,23100.0,8
28,74064.0,Pune,654.0,20635.0,4
61,115449.0,Bengaluru,825.0,37349.0,8
56,106219.0,Bengaluru,663.0,25365.0,5
29,108004.0,Bengaluru,644.0,28625.0,3
65,60016.0,Pune,646.0,18024.0,1
47,41604.0,Bengaluru,710.0,19314.0,5
63,67064.0,Pune,603.0,22285.0,2
31,66188.0,Bengaluru,720.0,24439.0,2
55,76230.0,Bengaluru,624.0,22442.0,6
52,98196.0,Pune,734.0,30201.0,4
69,62659.0,Bengaluru,814.0,23854.0,8
42,57593.0,Bengaluru,646.0,17320.0,3
62,49826.0,Bengaluru,711.0,14752.0,5
25,93612.0,Mumbai,750.0,18717.0,5
55,85931.0,Pune,737.0,29101.0,7
48,97595.0,Pune,725.0,26929.0,2
52,45287.0,Mumbai,784.0,15095.0,6
60,64561.0,Mumbai,503.0,23379.0,4
62,106974.0,Mumbai,674.0,39422.0,5
25,85741.0,Delhi,615.0,26376.0,3
64,104376.0,Mumbai,716.0,33883.0,3
44,99176.0,Mumbai,788.0,34830.0,5
35,93666.0,Mumbai,705.0,30601.0,3
24,61337.0,Delhi,644.0,24624.0,6
62,73280.0,Pune,732.0,18334.0,7
56,83632.0,Pune,850.0,22154.0,4
50,132387.0,Bengaluru,670.0,24220.0,5
24,93809.0,Pune,675.0,23287.0,5
22,73744.0,Mumbai,721.0,23843.0,8
36,80471.0,Mumbai,678.0,23780.0,11
31,86397.0,Pune,759.0,22131.0,5
58,71391.0,Bengaluru,599.0,9813.0,3
59,93604.0,Pune,645.0,24540.0,2
31,102453.0,Pune,505.0,29005.0,7
38,135145.0,Pune,692.0,36810.0,6
24,112681.0,Mumbai,703.0,31330.0,4
62,83600.0,Mumbai,631.0,30229.0,3
23,61266.0,Mumbai,621.0,21439.0,3
50,47147.0,Pune,707.0,19553.0,3
51,100010.0,Bengaluru,850.0,28156.0,0
69,105644.0,Bengaluru,589.0,24037.0,7
43,112033.0,Bengaluru,721.0,19096.0,5
58,83886.0,Bengaluru,670.0,12310.0,4
34,76840.0,Pune,496.0,22109.0,4
26,74500.0,Pune,753.0,16471.0,6
61,96221.0,Mumbai,695.0,32432.0,1
62,26872.0,Pune,630.0,22812.0,2
66,34491.0,Delhi,677.0,18088.0,4
53,18000.0,Pune,639.0,10133.0,5
27,65570.0,Delhi,789.0,24690.0,4
32,73201.0,Pune,622.0,29085.0,2
49,104876.0,Pune,563.0,24209.0,4
46,77199.0,Delhi,681.0,27980.0,5
26,88865.0,Delhi,632.0,25298.0,5
29,73252.0,Delhi,817.0,23587.0,9
51,64326.0,Delhi,670.0,14264.0,4
39,49783.0,Pune,785.0,15745.0,5
65,82156.0,Mumbai,676.0,22355.0,5
57,75296.0,Mumbai,576.0,21078.0,3
44,50676.0,Pune,850.0,13702.0,4
43,62634.0,Delhi,636.0,23021.0,6
26,50378.0,Bengaluru,649.0,11733.0,2
53,55621.0,Pune,783.0,14426.0,9
60,105883.0,Mumbai,780.0,31970.0,3
65,85044.0,Bengaluru,730.0,21545.0,7
33,88666.0,Bengaluru,725.0,20854.0,5
55,53255.0,Pune,835.0,23600.0,7
40,62255.0,Delhi,813.0,17709.0,2
26,105343.0,Mumbai,759.0,37524.0,3
29,59646.0,Pune,702.0,13557.0,6
41,61071.0,Delhi,522.0,2035.0,3
22,92038.0,Delhi,716.0,24867.0,2
37,104271.0,Bengaluru,653.0,27360.0,3
45,105657.0,Delhi,825.0,34579.0,1
44,81352.0,Pune,679.0,17705.0,3
64,61191.0,Delhi,672.0,19879.0,4
65,84696.0,Bengaluru,666.0,17843.0,4
41,88332.0,Mumbai,734.0,29311.0,6
38,70825.0,Mumbai,665.0,29126.0,3
68,70468.0,Bengaluru,741.0,21852.0,2
57,94361.0,Mumbai,795.0,24601.0,5
30,123227.0,Delhi,703.0,31687.0,3
44,35849.0,Pune,749.0,21724.0,3
50,77034.0,Bengaluru,744.0,26273.0,6
62,38146.0,Pune,745.0,11953.0,5
46,77789.0,Mumbai,577.0,16538.0,2
33,68650.0,Bengaluru,634.0,20518.0,2
67,124976.0,Mumbai,721.0,38174.0,2
47,89055.0,Bengaluru,726.0,25310.0,6
48,50538.0,Mumbai,701.0,16669.0,2
52,113517.0,Delhi,507.0,21634.0,8
67,39019.0,Bengaluru,616.0,18458.0,3
40,92744.0,Delhi,540.0,21689.0,3
63,119654.0,Mumbai,816.0,26934.0,3
49,85778.0,Delhi,571.0,17022.0,0
64,93552.0,Mumbai,697.0,30946.0,5
36,89265.0,Bengaluru,750.0,26095.0,3
63,73312.0,Mumbai,621.0,22279.0,3
69,83492.0,Mumbai,591.0,26478.0,2
46,40635.0,Delhi,675.0,13681.0,8
54,90412.0,Delhi,521.0,15787.0,6
61,60182.0,Delhi,678.0,23336.0,6
52,97132.0,Bengaluru,636.0,24061.0,5
66,69079.0,Mumbai,715.0,21679.0,4
66,74295.0,Bengaluru,534.0,28179.0,3
30,71667.0,Pune,734.0,26982.0,5
43,57327.0,Bengaluru,759.0,19955.0,4
60,89545.0,Mumbai,620.0,20682.0,7
69,70591.0,Bengaluru,713.0,24867.0,5
65,51726.0,Pune,681.0,17243.0,3
26,65715.0,Mumbai,805.0,20538.0,9
61,72377.0,Delhi,742.0,11808.0,3
69,86253.0,Mumbai,680.0,36025.0,3
27,81494.0,Delhi,556.0,13518.0,5
56,65380.0,Mumbai,584.0,27886.0,3
44,83237.0,Mumbai,650.0,27109.0,3
49,130272.0,Delhi,622.0,26183.0,3
68,69939.0,Delhi,635.0,23572.0,5
39,18000.0,Pune,771.0,7082.0,3
35,48897.0,Pune,699.0,12441.0,3
31,60571.0,Mumbai,762.0,21653.0,5
31,104673.0,Pune,687.0,25010.0,2
69,105648.0,Pune,676.0,22254.0,6
33,64458.0,Bengaluru,634.0,19924.0,1
33,81510.0,Pune,596.0,22653.0,2
